id,name,gender,age,height,weight
1,Kalina Cowlishaw,Male,33,1.78,44.1
2,Melesa Kemish,Male,65,2.0,84.7
3,Auberon Blune,Female,44,1.82,107.9
4,Kayne Beachem,Male,29,1.56,50.0
5,Derk Taggert,Female,23,1.78,62.8
6,Chick Ferney,Male,57,1.99,78.5
7,Alice Oddey,Female,21,1.43,84.1
8,Fanchon Orme,Male,53,1.98,108.1
9,Pierette MacGiany,Female,36,1.84,117.5
10,Quintilla Pappin,Male,70,2.0,81.4
11,Morten Skeates,Male,20,1.67,46.1
12,Teodorico Dilland,Male,42,1.4,42.9
13,Mercedes De Freitas,Male,61,1.58,112.0
14,Amelita Ceaser,Female,42,1.66,111.1
15,Regen Chetwynd,Male,63,1.97,66.3
16,Margarette Daniau,Male,25,2.04,107.5
17,Allsun Livesay,Male,39,1.43,63.7
18,Washington Clemenceau,Female,39,1.69,43.2
19,Merv Salvador,Male,60,1.52,113.7
20,Jayme Grodden,Male,54,1.85,48.1
21,Annelise Mintram,Female,48,1.56,70.2
22,Cleon Labroue,Female,19,1.7,85.0
23,Didi Herrero,Male,50,1.62,94.9
24,Kissiah McCahill,Female,29,1.41,60.6
25,Rouvin Dolby,Female,57,1.88,87.1
26,Mordy McIntee,Female,50,1.56,97.1
27,Hilarius Anelay,Female,59,1.9,86.1
28,Klemens Emmerson,Female,22,1.41,76.9
29,Melantha Reinbech,Female,50,2.03,48.8
30,Conway Swindles,Male,43,1.83,83.4
31,Hilary Firks,Male,61,2.0,80.3
32,Rhodie Spilisy,Female,26,1.42,61.9
33,Maisey Cristol,Male,53,1.74,67.8
34,Odo Tatlowe,Male,36,1.75,52.2
35,Denver Duiguid,Female,70,1.61,52.9
36,Cornelle Patnelli,Female,31,1.65,117.9
37,Hailee Joannic,Female,43,1.54,92.6
38,Glenn Hatchette,Female,19,2.0,105.7
39,Danica Joire,Female,67,1.74,43.6
40,Merrill Garaghan,Male,68,1.78,61.8
41,Mercy Madsen,Female,33,1.88,105.1
42,Hunfredo Gerardeaux,Female,45,1.64,96.7
43,Minny Vinas,Male,68,1.72,44.0
44,Vivien Cuddehay,Female,43,1.99,65.2
45,Bondie Mullen,Male,60,1.72,59.8
46,Jeddy Jakuszewski,Female,57,1.68,59.3
47,Adria Toppes,Male,42,1.45,85.7
48,Conway Spaunton,Female,53,1.57,98.2
49,Aurea Sutherby,Female,31,1.68,109.7
50,Harlan Barradell,Female,34,1.81,87.3
51,Grady Gerrard,Male,53,1.85,72.4
52,Bettina Popham,Female,52,1.79,99.8
53,Shayne Coughtrey,Male,64,1.96,96.4
54,Khalil Peele,Female,30,1.95,70.4
55,Clarissa Wankel,Male,66,1.72,79.2
56,Pat Yaknov,Male,60,1.79,73.1
57,Nicholle England,Female,18,1.64,56.6
58,North Holtaway,Female,67,2.02,55.2
59,Emlyn Melling,Female,34,1.69,107.9
60,Thorndike Briscow,Male,42,1.78,119.9
61,Jean Braidley,Male,45,1.93,75.4
62,Cory Patient,Male,57,1.47,100.0
63,Judie Frede,Male,27,1.98,115.9
64,Madel Fairs,Female,58,1.82,76.8
65,Cyndia Ridde,Female,51,1.58,72.9
66,Skelly Barosch,Male,21,1.75,109.4
67,Fawne Rodway,Male,24,1.44,98.0
68,Elfreda Cleynman,Female,69,2.03,78.3
69,Aggie Indgs,Female,68,2.01,77.0
70,Noelani Jeynes,Male,58,1.99,56.8
71,Steffen Sprigg,Female,50,1.86,43.6
72,Fabien Jirsa,Female,54,1.6,108.2
73,Bernard Prandi,Male,48,1.81,59.0
74,Paulo Hymans,Male,29,1.61,57.7
75,Forrester Sabathe,Male,21,1.61,94.3
76,Estelle Bilbery,Male,37,1.52,111.9
77,Marlyn Iacovelli,Female,52,1.88,52.5
78,Nicolette Andreichik,Male,70,1.46,75.0
79,Jeanette Arnaut,Male,24,1.85,40.8
80,Elmore Hassekl,Male,39,1.56,106.8
81,Kora Crossdale,Female,36,1.77,84.6
82,Faye Lloyd-Williams,Male,24,1.69,117.1
83,Woodie Hamments,Female,20,1.83,52.8
84,Hale Preator,Female,55,1.99,76.9
85,Lishe Aslen,Male,41,1.47,52.1
86,Lisette Culpan,Female,47,1.76,46.9
87,Garrot Besemer,Female,28,1.83,113.1
88,Tanitansy Gregol,Female,49,1.63,53.0
89,Saunder Dartnall,Female,39,1.96,63.8
90,Leontine Batho,Male,35,2.0,82.3
91,Kimmie Libbie,Female,23,1.56,118.4
92,Valle Bunton,Female,29,1.6,81.0
93,Ward Tisun,Female,56,1.95,105.3
94,Astra Houlworth,Female,67,1.53,115.8
95,Corbett Trainor,Male,44,2.01,107.9
96,Kirsteni Leadbetter,Female,64,1.56,54.7
97,Garnet Boarleyson,Male,22,1.6,113.2
98,Shepperd Cowhig,Female,21,1.9,73.0
99,Mora Pranger,Female,41,1.53,109.2
100,Mohammed Smails,Male,37,1.54,41.7
101,Willetta Fendley,Female,34,1.74,64.2
102,Ava Chippindale,Female,45,1.6,68.2
103,Dale Seton,Male,57,1.54,80.3
104,Aharon Wort,Male,41,1.8,111.8
105,Dietrich Steedman,Female,70,1.48,84.4
106,Cindra Gricewood,Female,28,1.92,88.8
107,Valli Smissen,Female,41,1.6,109.2
108,Traver Rennolds,Female,55,1.54,88.7
109,Lyell Chotty,Male,70,1.86,46.2
110,Emilio Mattiussi,Male,24,1.6,80.5
111,Ozzie Shackle,Male,37,1.63,117.1
112,Jessee McCusker,Female,65,1.67,87.1
113,Willis Hadwin,Female,29,2.03,109.7
114,Dulcinea Torrejon,Female,36,1.56,105.6
115,Cleo Hebson,Female,56,1.66,116.4
116,Kerk Ferguson,Female,34,1.85,114.9
117,Joshia Chark,Female,34,1.44,42.7
118,Thedrick Watsam,Male,62,1.79,85.1
119,Bjorn Hedworth,Male,33,1.48,52.7
120,Renado Simkins,Female,60,2.05,51.2
121,Lida Cushworth,Male,38,1.98,112.6
122,Abrahan Normanvill,Male,30,1.73,91.9
123,Annaliese Ruffler,Male,26,1.78,49.8
124,Isabel Insworth,Female,31,1.85,108.8
125,Dukey Chaundy,Female,35,1.6,94.5
126,Giacopo Demsey,Male,20,1.69,78.5
127,Gerladina Braim,Male,59,1.78,113.1
128,Maighdiln Glavias,Female,24,1.51,117.8
129,Tore Somner,Male,29,1.85,57.4
130,Marja Coverley,Male,64,2.01,60.1
131,Robin Buddleigh,Female,45,1.44,112.6
132,Amalea Wollard,Male,56,1.58,45.4
133,Jaimie Louden,Male,34,2.02,73.4
134,Elvis Matysik,Male,29,1.94,61.1
135,Marlie Otterwell,Male,46,1.69,56.0
136,Dorine Eleshenar,Female,22,1.7,42.1
137,Sydelle Corradeschi,Male,52,1.46,78.9
138,Kailey Durker,Female,57,1.7,114.2
139,Shaun Humphrey,Male,28,2.0,66.8
140,Chloris Woodham,Female,65,1.4,58.2
141,Alyce Yewen,Male,28,1.43,116.1
142,Kleon Boyle,Female,69,1.97,79.8
143,Isacco Sallings,Female,38,1.8,107.3
144,Noellyn Caslane,Male,38,2.0,80.5
145,Bertie Whitworth,Male,22,1.71,60.7
146,Rafaelia Oughtright,Female,55,1.44,63.0
147,Grove Eicheler,Male,67,1.77,107.6
148,Jo-anne Bontine,Female,51,1.78,111.6
149,Guy Phillpotts,Male,64,1.46,107.2
150,Iorgo Fullick,Male,43,1.93,44.5
151,Revkah Redholls,Male,46,1.71,63.4
152,Spence Soares,Female,63,1.49,108.8
153,Thomasine Passe,Male,57,1.46,103.2
154,Mirabella O'Dogherty,Male,26,1.69,45.3
155,Noah Cullinan,Male,41,1.76,74.2
156,Bing Meachen,Male,56,1.87,116.9
157,Janey Le Franc,Male,40,1.7,56.7
158,Kare Bernhard,Female,32,1.52,114.8
159,Dinny Sallery,Male,56,1.8,85.2
160,Carissa Elland,Female,43,1.53,114.7
161,Carlo Grannell,Male,34,1.62,43.5
162,Shelden Filtness,Female,43,1.47,40.9
163,Conrad Halewood,Female,26,1.41,59.0
164,Perice Stoile,Female,28,1.49,82.5
165,Aurora Goburn,Female,45,1.46,87.4
166,Esme Baff,Female,22,1.53,74.0
167,Alexandros Raymond,Male,32,1.54,56.3
168,Ethelin Ellens,Male,37,1.5,44.6
169,Brook Priddle,Male,34,1.64,96.3
170,Lefty Haggith,Female,38,1.95,83.3
171,Nikoletta Peddersen,Male,62,1.42,98.9
172,Eirena Clemonts,Male,60,1.89,66.0
173,Matti Jurries,Female,37,1.87,66.1
174,Tracie Rassmann,Male,47,1.8,64.6
175,Brendan Colaton,Female,22,1.48,68.4
176,Berte Winnett,Male,33,1.7,49.9
177,Angelique Ridgers,Female,51,1.75,114.1
178,Burtie De Maria,Female,51,1.43,114.3
179,Camey Salvati,Female,42,1.95,107.3
180,Ediva Mabbot,Female,42,1.89,98.1
181,Heddie Gobolos,Male,48,1.79,91.2
182,Glory Goligher,Female,18,1.54,66.5
183,Jasmin Tatterton,Female,67,1.76,44.9
184,Malissia Liell,Female,70,1.86,64.1
185,Eldridge Hayler,Male,32,1.85,64.0
186,Wally Sidon,Female,25,1.65,92.4
187,Sydney Thomen,Female,51,1.61,45.3
188,Harley O'Haire,Male,37,1.59,50.9
189,Vivianna Neissen,Male,66,1.83,61.6
190,Myron Pascoe,Male,44,1.59,108.2
191,Coralie Feighry,Female,53,1.51,92.8
192,Tillie Pinnick,Male,18,1.54,103.8
193,Fransisco Hassell,Male,52,1.47,117.6
194,Danita Montacute,Male,52,1.53,114.7
195,Cordy Lutty,Male,20,1.64,40.9
196,Brittany O'Crigan,Male,41,1.59,73.2
197,Katalin Schulkins,Male,23,2.03,54.7
198,Waldemar Bullerwell,Female,28,2.04,62.4
199,Dulciana Tanser,Female,34,1.87,89.4
200,Morley Novotna,Female,39,1.48,64.4
201,Aeriell Jugging,Male,68,1.84,104.3
202,Christi Simonaitis,Female,69,1.62,90.5
203,Matt Crathorne,Female,66,1.57,69.9
204,Gordie Nickell,Female,59,1.53,73.3
205,Chrissie Brownscombe,Female,40,1.43,77.9
206,Pate Birdfield,Male,55,1.63,83.8
207,Oliviero Aistrop,Female,28,2.02,90.9
208,Irita Kernock,Female,56,1.68,110.5
209,Bart Lafontaine,Male,47,1.44,97.8
210,Chic Batts,Female,29,1.62,114.8
211,Jacky MacCombe,Female,58,1.48,97.2
212,Biddie Jeffree,Male,64,1.64,67.6
213,Barbabas Grinnov,Male,29,1.51,88.7
214,Dotti Dupree,Female,44,1.69,49.7
215,Marissa Macquire,Female,68,1.88,107.9
216,Emelita Peyton,Male,21,1.49,49.7
217,Joshuah Wanley,Male,55,1.96,95.6
218,Erminia Killich,Male,29,1.72,100.9
219,Fabian Verralls,Male,69,1.71,113.9
220,Antonin Cawthron,Female,29,1.63,92.5
221,Salim Akester,Female,41,1.94,58.3
222,Yolanthe Whiffin,Male,37,2.02,58.7
223,Sibby Huffey,Male,27,1.41,116.5
224,Kelci Bilborough,Male,67,1.55,81.7
225,Andris Lamerton,Female,36,1.45,89.0
226,Laurence Sango,Female,38,1.8,106.2
227,Jacklyn Spridgen,Male,58,1.63,49.7
228,Alonzo Dade,Male,23,1.49,102.9
229,Editha Pellman,Female,29,1.52,113.5
230,Waldon Flisher,Female,53,1.82,82.8
231,Ignatius Berndtsson,Male,30,1.83,55.1
232,Vallie Cayle,Male,64,1.45,95.0
233,Thorin Rymour,Female,41,1.8,55.9
234,Mozes Astling,Female,20,1.52,53.5
235,Tandy Sanders,Male,27,2.03,62.0
236,Kimmi Laurenceau,Female,30,1.82,74.6
237,Pryce Askaw,Female,28,1.56,111.2
238,Ilaire Khrishtafovich,Female,35,1.68,118.7
239,Lindsay Birchett,Male,30,1.52,107.2
240,Imogene Jessope,Male,23,1.66,70.9
241,Giusto Blagbrough,Female,27,1.64,44.2
242,Dory Daveley,Female,61,1.41,56.9
243,Zoe Perfect,Female,58,1.8,83.6
244,Torre Noquet,Female,29,1.49,46.2
245,Hettie Leavry,Female,31,1.77,96.0
246,Marketa Dugan,Female,35,1.87,96.3
247,Myrtice Ferby,Male,43,1.94,72.1
248,Augustine Van Brug,Male,66,1.91,87.3
249,Dino Strognell,Male,70,1.73,74.6
250,Papageno Carwithim,Male,22,1.44,67.8
251,Rand Fincher,Male,47,1.41,78.8
252,Hobart Edens,Male,46,1.81,48.2
253,Xaviera Van Der Hoog,Male,60,1.85,90.2
254,Helli Liptrot,Male,64,1.62,88.2
255,Elwira Chalder,Female,49,1.69,73.6
256,Benson Mattusevich,Male,46,1.89,45.0
257,Cacilia Stolberger,Male,27,1.91,115.9
258,Herve Ketteringham,Female,57,1.52,104.2
259,Tabbatha Clayworth,Female,49,1.61,95.7
260,Phaidra Tabert,Male,36,1.98,50.5
261,Antonetta Peschmann,Male,54,1.99,66.6
262,Dulcinea Stapels,Male,45,1.63,97.7
263,Hasty Placido,Male,22,1.53,61.3
264,Bram Rumble,Male,30,1.96,58.6
265,Sibelle Calder,Male,54,2.04,57.1
266,Regan Bryden,Male,35,1.97,77.1
267,Renato Cracker,Female,18,1.8,112.8
268,Alyosha Ibberson,Male,54,1.6,109.2
269,Nev Cockton,Female,29,1.6,83.9
270,Deedee Daugherty,Male,54,1.51,51.4
271,Zed Sheers,Male,31,1.98,48.2
272,Jayme Scarth,Male,34,1.65,56.2
273,Iain Arnauduc,Female,70,1.58,42.7
274,Yorke MacAndrew,Female,68,1.66,107.8
275,Duffie Glantz,Female,67,1.47,102.9
276,Jackie Holhouse,Female,54,1.58,53.5
277,Rainer Shaves,Male,48,1.98,74.5
278,Cart Dallander,Female,61,2.01,44.3
279,Jeana Strong,Female,63,1.7,96.4
280,Vivien Jaggard,Female,58,2.02,88.2
281,Konstantin Feely,Female,51,1.64,41.1
282,Waylan Reader,Male,33,1.76,100.2
283,Lauri Pincked,Female,47,1.58,77.9
284,Alvie Element,Male,43,1.42,108.2
285,Albina Oddy,Female,20,1.93,100.8
286,Rikki Flannery,Male,41,1.89,45.4
287,Glynn Mouser,Female,59,1.93,73.0
288,Nappy Sirett,Female,34,1.75,40.7
289,Mose Lilleman,Female,20,1.86,62.4
290,Blythe Blabie,Female,33,2.04,112.7
291,Paola Morican,Female,19,1.55,59.8
292,Raleigh Stother,Female,46,1.71,100.2
293,Julie Petford,Female,32,1.86,102.5
294,Philbert Stanistreet,Female,37,1.63,48.9
295,Alana Latta,Male,55,1.74,64.8
296,Miguela Shyres,Female,54,1.5,104.9
297,Lexis Dougal,Female,47,2.04,103.6
298,Pia Robberecht,Male,48,1.62,60.5
299,Dennet Di Biasio,Female,36,1.51,81.5
300,Orren Radwell,Male,23,1.84,69.8
301,Ester Tidcomb,Male,39,1.51,74.0
302,Susanne Spohrmann,Male,63,1.99,42.7
303,Agosto Creebo,Female,32,1.72,103.8
304,Bobbye McDarmid,Male,43,1.41,69.8
305,Raleigh Scarce,Male,41,1.98,89.3
306,Winfred Binnall,Male,64,1.78,59.4
307,Reyna Morin,Female,31,1.68,92.7
308,Randal Dowdney,Male,43,1.65,53.8
309,Kev Spolton,Female,52,1.95,86.2
310,Magdalene Jebb,Female,66,1.47,73.7
311,Timothea Skule,Female,65,1.64,66.4
312,Fedora Westrey,Male,41,1.61,58.9
313,Hugibert Forman,Male,31,1.69,82.5
314,Shay Oldland,Female,18,2.0,60.2
315,Mehetabel Buesnel,Female,20,1.74,60.4
316,Jessica Depper,Female,24,1.75,106.7
317,Raviv Cockin,Male,37,1.76,108.9
318,Liane Clemits,Male,26,1.69,50.5
319,Dulci Marham,Female,20,1.45,60.6
320,Kerk Bindley,Male,53,1.57,80.1
321,Prent Wonfar,Male,23,1.41,76.7
322,Mayor Renzini,Female,54,1.83,47.3
323,Douglas Maxstead,Male,56,1.79,81.1
324,Jared Brookesbie,Male,62,2.0,50.4
325,Win Baudone,Female,54,1.96,115.2
326,Mariya Iverson,Male,32,1.56,111.3
327,Faustina Livezley,Female,63,1.57,111.4
328,Davon Rawll,Female,40,1.85,44.5
329,Linzy Keepe,Male,63,1.75,90.8
330,Rafaelia Boules,Female,40,1.86,44.3
331,Gavin Lazer,Female,36,1.45,105.5
332,Damaris Luckman,Male,60,1.79,86.0
333,Ealasaid Sibbering,Male,31,1.69,77.9
334,Bjorn Lyles,Male,30,1.48,67.3
335,Christophe Jindrich,Female,47,2.05,60.2
336,Saxe Cassar,Male,41,1.46,67.1
337,Derwin Jotcham,Male,32,1.5,59.8
338,Trudey Crack,Male,25,1.85,65.9
339,Grethel Jurisch,Female,70,1.86,53.6
340,Caralie Jurasek,Male,21,1.56,111.4
341,Domenico Harby,Female,34,1.67,85.5
342,Alphonso Larvin,Female,36,2.01,51.0
343,Gustavo Sainsberry,Male,30,1.64,111.0
344,Pooh Bowerman,Male,23,1.84,81.5
345,Karoline Polden,Female,40,1.48,99.4
346,Trudie Lehrian,Male,53,1.98,68.6
347,Kylie Peplow,Male,39,1.83,65.2
348,Elna Bessant,Female,63,1.94,61.8
349,Mallory Drewry,Female,25,1.58,43.4
350,Edmon Gorgen,Male,45,1.47,110.0
351,Rodi Ference,Female,22,1.64,77.0
352,Matthaeus Fairhead,Female,70,1.93,76.7
353,Philly O'Lunny,Female,27,1.98,50.3
354,Jemmie Filchagin,Male,21,1.5,54.2
355,Pet Vanne,Male,37,2.04,81.5
356,Lydie Korpal,Female,52,1.46,116.7
357,Kelli Petrakov,Female,37,1.71,46.8
358,Tedd Oubridge,Male,48,1.61,81.2
359,Shirleen Gaspard,Female,49,1.76,75.6
360,Christoper Nelm,Male,25,1.94,58.3
361,Rianon Blazdell,Male,18,1.67,97.4
362,Kermy Penburton,Male,64,1.86,110.0
363,Tiffanie Griggs,Female,63,1.56,56.5
364,Eadmund Saket,Male,58,1.56,46.0
365,Hersch Warry,Male,47,2.01,52.1
366,Mari Maass,Female,48,1.85,101.3
367,Gussi Skelington,Male,59,1.55,40.1
368,Lise Pirkis,Female,42,1.42,80.8
369,Casey Mungin,Female,34,1.81,77.1
370,Janaye Van Der Weedenburg,Female,58,1.61,109.3
371,Katerina Element,Male,58,1.57,93.4
372,Noll Margaritelli,Male,63,1.96,62.0
373,Leeanne Kenan,Female,67,1.69,98.0
374,Glenden Jaggs,Female,33,1.49,117.1
375,Wallis Pree,Female,26,1.63,46.8
376,Jaimie Dickins,Male,56,1.63,76.2
377,Jorge Elsby,Male,34,1.7,84.5
378,Betteann Brane,Male,66,1.66,70.4
379,Adina McQueen,Female,65,2.03,66.0
380,Maurise Checketts,Male,52,1.42,58.5
381,Conrad Matterface,Male,25,1.96,110.3
382,Alvis Piolli,Female,43,1.49,115.1
383,Letizia Tynewell,Male,62,1.82,49.6
384,Anallise Gianotti,Female,55,1.79,51.0
385,Murdock Beeswing,Male,20,1.99,67.9
386,Clifford Cleaver,Female,33,1.91,56.3
387,Kylila Collinwood,Female,65,1.88,100.8
388,Dehlia Vanichkov,Male,38,2.01,78.3
389,Delmer Thwaite,Male,52,1.66,81.3
390,Bronson Basilotta,Male,28,1.76,54.9
391,Russ Ammer,Female,44,1.97,40.4
392,Catina Sommerled,Male,23,2.01,48.3
393,Mata Woodcroft,Female,48,1.75,105.4
394,Jeff Grivori,Female,41,2.04,117.2
395,Courtenay Chatwin,Male,52,1.63,112.4
396,Corrine Morsey,Female,50,1.41,61.3
397,Wat Metcalf,Male,66,1.7,64.4
398,Elle Deaville,Male,20,1.66,44.5
399,Mendie Perrone,Female,56,1.89,85.1
400,Arni Sparhawk,Male,21,2.04,66.9
401,Patsy Clac,Female,49,1.4,61.6
402,Kinnie Panswick,Male,67,1.97,108.3
403,Claus McMillan,Female,68,1.5,117.7
404,Norma Djakovic,Male,69,1.71,56.1
405,Dan Kidston,Male,48,1.69,61.2
406,Mata Trace,Male,48,1.99,48.5
407,Antoni Shackle,Female,36,1.54,52.1
408,Artie Collyer,Female,48,1.94,73.1
409,Shermie Eglington,Male,32,1.78,111.1
410,Ardith Pinnijar,Female,21,1.43,55.3
411,Dorice Dufour,Male,38,1.93,114.3
412,Ingemar Tully,Male,40,1.75,100.6
413,Cozmo Gleed,Male,27,1.57,80.7
414,Scott Deverose,Male,53,2.01,94.7
415,Penni Desorts,Male,25,1.91,106.7
416,Jacques Conen,Male,44,1.6,71.7
417,Monique Osgodby,Male,65,1.49,55.4
418,Lindon Adrianello,Male,56,1.64,116.7
419,Pietra Pautot,Female,54,1.95,115.4
420,Emylee Estoile,Female,36,1.41,114.7
421,Georgianne Jirak,Male,32,1.82,110.1
422,Robinet Gladhill,Male,61,1.65,63.9
423,Teddy Huriche,Male,38,2.03,50.7
424,Jacinda Benoi,Female,54,1.87,72.2
425,Tony Smurfit,Male,55,1.61,115.5
426,Joletta Abbay,Female,53,2.05,84.9
427,Orazio Barbie,Male,23,1.73,90.4
428,Brandtr Ailmer,Female,61,1.55,119.6
429,Giffie Petran,Male,23,1.51,82.9
430,Jermayne Gulley,Male,46,1.75,75.4
431,Mattie Bert,Female,40,1.51,100.1
432,Sheba Jeeks,Female,23,2.01,77.9
433,Lutero Ginnally,Female,29,1.81,110.5
434,Linet McKeney,Female,50,1.53,108.7
435,Anya Woolveridge,Male,46,1.8,94.6
436,Pearline Culp,Male,33,1.67,72.4
437,Maurise Klimus,Male,41,1.79,68.9
438,Xymenes Dufton,Male,28,1.62,72.9
439,Marcelo Rickertsen,Female,31,1.63,115.7
440,Lilia Crankshaw,Male,41,1.86,49.7
441,Rosetta Halversen,Female,22,1.84,100.5
442,Gilberta Frift,Female,34,1.7,87.4
443,Evie Dawdary,Male,67,2.04,76.6
444,Corrine Bailes,Male,36,1.8,72.6
445,Norry Dicky,Male,38,1.59,117.4
446,Tudor Sone,Female,25,1.93,66.6
447,Cher Vogel,Male,22,1.77,62.8
448,Susanne McTurk,Male,33,1.85,103.3
449,Wyatt Dudeney,Male,68,1.42,86.4
450,Yvonne Joselson,Male,46,1.94,63.5
451,Nikita Beacroft,Male,43,1.52,75.3
452,Bill Ormshaw,Male,29,1.41,69.9
453,Waylon Drogan,Male,39,1.45,96.8
454,Clementine Finnes,Female,39,1.76,103.8
455,Harman Guierre,Female,26,1.81,87.2
456,Avrom Edgell,Male,54,1.47,54.2
457,Carmella Mayo,Female,57,1.83,94.7
458,Elliott Roakes,Male,22,1.61,70.3
459,Danna Hawkett,Female,35,1.63,75.4
460,Kahaleel Mearing,Male,61,1.87,114.8
461,Tiff Morican,Male,58,1.85,105.1
462,Emelina Colloby,Female,56,1.91,91.7
463,Joelle Triggle,Male,39,1.44,71.8
464,Fina Emanueli,Female,22,1.7,49.2
465,Cortie Drance,Male,61,1.65,89.5
466,Joby Doe,Male,28,1.72,76.8
467,Priscella Jans,Female,55,1.92,91.5
468,Zabrina Heinrici,Male,34,1.79,80.1
469,Ambrosius Deerr,Female,40,1.51,100.7
470,Hedvig Kyncl,Female,22,1.62,118.1
471,Emilia Mulholland,Male,51,1.86,112.1
472,Vidovik Cartmer,Male,54,1.93,61.0
473,Hailey Branford,Female,52,1.57,108.5
474,Lea Dunster,Male,30,1.88,53.6
475,Gerrard Gisborne,Female,40,1.9,53.9
476,Francklyn Beslier,Female,30,1.87,68.0
477,Harris Spenceley,Female,63,1.84,45.5
478,Marlane Danell,Male,44,1.55,98.1
479,Jackie Golly,Female,40,1.53,88.9
480,Miguel Nottingam,Female,21,1.75,91.6
481,Burton Pressey,Male,61,1.64,68.9
482,Dannel Trounce,Male,47,1.96,40.9
483,Templeton Bourbon,Female,60,1.91,72.5
484,Ad Wapplington,Female,38,1.91,90.2
485,Valera Denizet,Female,44,1.73,92.7
486,Kaile Danher,Female,41,1.63,79.3
487,Saree Stetlye,Female,30,1.42,119.6
488,Theo Erridge,Male,68,1.95,63.6
489,Clarine Rapi,Female,52,2.04,88.5
490,Tobye Henrych,Male,56,1.48,63.2
491,Elga Yedy,Female,42,1.54,103.4
492,Ranna Sowrey,Female,68,1.86,51.9
493,Sonnnie Maria,Male,70,2.03,113.7
494,Web Haensel,Female,43,1.95,107.5
495,Caria Delue,Female,22,1.84,50.2
496,Colan Quoit,Female,54,1.45,70.5
497,Conni Toma,Male,56,1.56,106.2
498,Mercedes Field,Male,44,1.65,45.2
499,Rozella Molson,Male,40,1.69,116.2
500,Chelsea Frankom,Male,58,1.49,80.4
501,Rosalinda Parrington,Male,42,1.73,78.3
502,Coleen Tromans,Female,27,1.79,40.0
503,Donnajean Tomei,Female,68,1.47,112.6
504,Gawain Joslow,Male,21,1.7,82.3
505,Obadias Applegate,Male,61,1.99,77.2
506,Ilyse Shrive,Female,60,1.57,48.0
507,Maddie Westell,Male,58,1.99,58.4
508,Emlynne Rillatt,Male,52,1.46,58.0
509,Ravi Evison,Female,44,1.62,69.8
510,Thekla Brodway,Male,24,1.95,115.1
511,Edik Chmiel,Female,37,1.79,109.2
512,Llewellyn Onslow,Male,33,1.89,100.8
513,Debra Lennie,Female,27,1.54,93.7
514,Brendon Branney,Male,56,1.77,82.6
515,Malynda Yerill,Male,19,1.94,68.0
516,Lennard Cornill,Female,54,1.44,48.2
517,Rolfe Guitt,Male,29,1.69,110.2
518,Angel Vasentsov,Female,29,1.45,90.3
519,Saidee Plummer,Male,56,1.59,119.5
520,Janel Dymott,Female,32,1.93,118.6
521,Jerome Beggio,Female,55,1.82,117.1
522,Dell Rugge,Male,68,2.01,85.0
523,Elva Lapsley,Male,48,1.61,76.0
524,Claresta Baxill,Male,62,1.41,86.4
525,See Summerton,Female,70,1.68,40.1
526,Natala Andrzejowski,Female,61,1.86,40.3
527,Korry Peetermann,Male,34,1.4,86.9
528,Shelley Grinstead,Male,38,1.76,51.2
529,Florette Tredget,Male,34,1.6,76.4
530,Orville Kennealy,Female,51,1.51,54.7
531,Felicity Andrei,Male,60,1.61,61.5
532,Paulo Dytham,Male,18,1.48,91.0
533,Vinny Bloxland,Female,64,1.61,102.3
534,Decca Narducci,Male,50,1.85,82.4
535,Carmela Boar,Male,18,1.46,55.7
536,Florenza Divis,Female,58,1.51,63.5
537,Hakim Dreossi,Female,45,1.42,52.6
538,Cam Trathen,Male,66,1.89,49.3
539,Ezechiel Mayger,Male,41,1.61,63.4
540,Rufus Vyse,Male,39,2.02,54.1
541,Dallon Percifull,Female,64,2.0,79.6
542,Normy Koche,Female,21,1.54,93.0
543,Kylie Pohls,Male,68,1.79,96.9
544,Hobie Bebbell,Male,42,1.68,43.4
545,Nickola Jenckes,Male,23,1.58,80.7
546,Fitzgerald Yarker,Female,51,1.5,43.9
547,Nessi Pidgin,Female,65,1.91,45.2
548,Archer Tordoff,Female,49,1.72,48.0
549,Fanny Soal,Female,26,1.68,50.2
550,Raeann Pharaoh,Female,46,1.91,101.5
551,Cherice Rosendall,Male,46,1.8,55.5
552,Demott Kmiec,Male,48,2.02,42.6
553,Shena Hurdiss,Male,60,1.99,48.5
554,Winni Puttrell,Male,21,1.78,114.5
555,York Clerk,Female,37,1.52,54.5
556,Horten Tezure,Female,36,1.41,104.7
557,Berenice Whetland,Male,64,1.93,64.6
558,Nellie McClaurie,Male,42,1.57,119.9
559,Emmalyn Deboick,Male,42,1.91,100.7
560,Herschel Breache,Male,41,1.7,46.6
561,Katey Pitrollo,Female,68,1.82,88.6
562,Any Florentine,Male,20,1.55,70.5
563,Crissy Stealy,Female,37,1.75,84.4
564,Dean Sally,Female,31,1.49,97.5
565,Berget Yakutin,Female,31,1.8,102.1
566,Marla Davys,Male,23,1.95,99.6
567,Elfrida Coldbathe,Male,52,1.97,52.5
568,Juliane Tibbs,Female,24,1.78,78.6
569,Nichols Comelini,Female,43,1.53,61.4
570,Miles Douty,Male,42,2.0,97.5
571,Anstice Jorissen,Female,59,1.6,66.2
572,Rodrick Hunston,Male,36,1.7,98.6
573,Iormina Brigden,Female,65,1.86,50.2
574,Matty Upham,Female,48,1.66,85.8
575,Corny Manners,Female,34,1.95,111.7
576,Denys Worsfold,Female,34,1.9,103.5
577,Dare Lean,Male,55,1.5,79.2
578,Guido Sphinxe,Female,32,1.97,97.0
579,Doralin Cage,Male,44,1.98,105.6
580,Nonnah Dungey,Male,43,1.57,70.6
581,Ilyssa Bier,Female,20,1.96,51.3
582,Elisha Kenward,Male,32,1.66,51.6
583,Jada Yeoland,Female,48,1.74,75.9
584,Sheilah Sedge,Male,31,1.7,57.0
585,Agnesse Leebeter,Female,50,1.77,53.0
586,Sue Willford,Male,20,1.58,104.8
587,Gerek Persse,Male,55,1.98,118.5
588,Marillin Pickrill,Female,26,1.89,118.7
589,Chadd Gittins,Female,54,1.79,51.5
590,Nikolia Crampsy,Male,34,1.83,55.9
591,Holly Gatecliff,Male,30,1.94,91.1
592,Charlotta Fassbindler,Female,62,1.86,102.9
593,Spike Galletley,Female,50,1.98,98.3
594,Bertie Greenstreet,Male,68,2.05,52.2
595,Chick Niese,Female,58,1.51,91.3
596,Mychal Fautly,Male,42,1.41,53.5
597,Kristofor Kaine,Female,24,1.63,83.7
598,Aili Vernham,Female,40,2.0,49.7
599,Correy Dowrey,Male,45,1.88,62.9
600,Jamesy Plewman,Female,33,1.74,48.3
601,Anny Conquer,Male,46,1.67,110.8
602,Christophorus Crudginton,Male,37,1.97,78.0
603,Tedman Bawden,Female,21,2.03,83.9
604,Luz Stannus,Female,36,1.69,102.5
605,Alvira Stimpson,Female,40,1.76,62.7
606,Alyse Saffle,Female,53,1.55,66.5
607,Andee Sirkett,Male,33,1.91,111.1
608,Alair Mathiassen,Female,58,1.71,85.5
609,Patty Flucker,Male,41,1.45,46.6
610,Silvano Preston,Male,63,1.45,44.0
611,Alonzo Dainty,Female,47,1.99,60.7
612,Nicolais Pierrepoint,Female,44,1.46,48.7
613,Agnes Epton,Male,47,1.67,66.5
614,Delbert Shalloo,Male,38,1.56,71.0
615,Fons Cellier,Female,22,1.66,48.8
616,Rubin Alenov,Male,53,1.54,43.3
617,Erda Duigan,Male,61,1.52,69.6
618,Albert Iwanowicz,Female,21,1.49,110.5
619,Theodor Lamonby,Female,43,2.04,101.1
620,Gratia Sharratt,Female,62,1.44,74.1
621,Nickey Yurivtsev,Male,60,1.51,97.1
622,Kevon Christofor,Female,59,1.6,94.1
623,Reggie Vanner,Female,44,1.42,40.6
624,Lexie Pugsley,Female,60,1.78,47.6
625,Hank Kubat,Male,53,1.86,43.7
626,Vasily Lynd,Male,34,1.42,115.7
627,Bette-ann Bumpass,Male,35,1.84,108.3
628,Tobin Hariot,Female,36,1.44,117.0
629,Tabbatha Howgego,Female,49,1.92,50.2
630,Nathanial Bellamy,Male,25,1.67,67.5
631,Lotte MacGoun,Female,26,1.51,98.4
632,Salome Langridge,Female,31,1.82,51.5
633,Richy Haglington,Male,30,1.79,59.9
634,Gill Riceards,Male,53,1.45,52.1
635,Faythe Simcock,Male,28,1.99,85.2
636,Danell Blumson,Male,29,1.91,64.6
637,Nicky Clerke,Male,43,1.77,89.5
638,Berri Deane,Female,32,1.42,62.2
639,Ephrayim Sikorski,Male,22,1.54,70.5
640,Tadeo Helstrip,Male,33,1.87,63.6
641,Moise Fulton,Male,19,1.6,64.0
642,Conni Allchin,Female,31,1.77,44.2
643,Octavius Dank,Male,69,1.95,102.8
644,Jere Dignon,Female,22,1.53,69.9
645,Levy Stadding,Male,19,1.98,92.9
646,Justin McCluskey,Male,37,2.0,81.0
647,Marin Larratt,Male,39,1.69,106.1
648,Hestia Patton,Female,69,1.69,80.2
649,Jobey Waterstone,Female,53,1.99,52.8
650,Karlis Brobak,Male,45,1.94,42.8
651,Osbourne Carnow,Female,47,1.83,114.5
652,Ettore Darmody,Female,43,1.44,61.8
653,Colline Aldwick,Female,31,1.88,52.4
654,Lazar Tracy,Female,21,1.96,49.8
655,Nicholas Bartaloni,Female,47,1.55,88.2
656,Giulia Galland,Female,27,1.85,68.8
657,Malorie Letherbury,Female,57,2.0,43.1
658,Ellynn De Zuani,Male,18,1.8,115.7
659,Denice Bader,Female,45,1.55,114.0
660,Robb Samet,Male,53,1.61,78.0
661,Cornelle Clynter,Male,57,1.67,113.1
662,Ray Ubee,Male,58,1.43,48.4
663,Minni Fulleylove,Male,62,1.41,82.2
664,Sherwood Haily,Male,48,1.63,119.5
665,Lauralee Glidden,Male,25,1.84,77.6
666,Allsun Juschke,Male,68,1.45,93.9
667,Richmound Gallaher,Male,29,1.64,43.8
668,Jemmy Hallas,Female,47,1.68,45.0
669,Damiano Kelemen,Female,60,1.58,87.9
670,Cal Stollenberg,Male,44,1.4,42.5
671,Cyrus Cresser,Female,26,1.53,83.8
672,Madalena Lown,Male,52,1.58,49.6
673,Briny Lawry,Male,47,2.05,113.9
674,Annnora Dinneen,Female,68,1.59,73.5
675,Juditha Matczak,Male,61,1.95,90.5
676,Carlos Blastock,Male,53,1.46,80.0
677,Gretchen Janas,Female,31,1.9,102.0
678,Massimo Preist,Male,39,1.95,104.6
679,Myrtice Clemencet,Male,45,1.87,88.8
680,Costanza Reeder,Male,60,1.67,67.8
681,Stacey Jacobowits,Female,33,1.91,53.6
682,Christoffer Furst,Female,45,1.63,81.1
683,Lief Alvaro,Female,48,1.71,53.6
684,Lissy Gwatkin,Female,32,1.48,49.1
685,Con Lodwig,Female,70,1.72,102.1
686,Toinette Ferreiro,Male,32,1.71,61.9
687,Adiana Mitchener,Female,45,1.71,78.6
688,Hedvig MacLice,Female,64,1.81,43.8
689,Shari Hunnam,Male,64,1.52,82.8
690,Woodman Crackel,Female,68,1.46,83.3
691,Miriam St Ledger,Male,33,1.6,78.8
692,Paten Marcus,Male,34,1.88,115.7
693,Ferdinande Skelhorne,Male,20,1.88,75.2
694,Elka MacKim,Male,55,1.95,83.7
695,Kile Jewell,Female,49,1.74,84.2
696,Stephan Stendall,Male,66,1.64,64.2
697,Kore Leneham,Male,45,1.67,108.5
698,Jody Haversum,Male,52,1.56,48.7
699,Madlin Esherwood,Female,56,1.75,71.6
700,Ode Daoust,Female,40,1.89,77.5
701,Mozes Hazlegrove,Female,64,1.68,75.0
702,Bambi MacCurtain,Male,19,1.8,75.1
703,Frankie Matushevitz,Male,47,1.92,104.9
704,Golda Veivers,Female,22,1.6,46.9
705,Elissa Scurr,Female,57,1.69,74.3
706,Vallie Phillput,Male,60,1.41,59.6
707,Adelheid Dawtre,Female,30,1.7,50.7
708,Neala Marlon,Male,22,1.56,41.4
709,Vannie Pretious,Female,26,1.79,92.7
710,Giustina Giovanitti,Male,25,1.56,98.9
711,Holly Grimwade,Male,53,1.55,41.9
712,Lark Doche,Male,49,1.88,64.6
713,Lucina Martindale,Male,30,1.99,92.3
714,Jay Kerner,Male,43,1.99,41.9
715,Townie Pringer,Female,39,1.45,98.5
716,Gorden Rickis,Male,43,1.96,105.0
717,Prescott Tonkinson,Female,63,1.78,41.2
718,Siward Ivanyushin,Female,64,1.73,45.4
719,Rosalia Dorbon,Female,59,1.79,112.9
720,Forester Brooking,Male,60,1.89,111.3
721,Nedi Bottlestone,Male,64,1.91,95.4
722,Melita Pasmore,Male,36,1.95,101.0
723,Stanly Connolly,Male,56,2.03,116.5
724,Hall Woolford,Female,52,1.64,117.0
725,Vidovic Dahlberg,Female,29,1.7,80.0
726,Renato Casaletto,Female,47,1.49,53.0
727,Grantley Jasper,Male,30,1.99,56.9
728,Emlynne Neumann,Female,61,1.43,54.9
729,Asia Broadbere,Female,58,1.94,111.1
730,Kelci Giral,Male,65,1.85,84.2
731,Richmond Doldon,Male,18,1.76,49.6
732,Joete Liggett,Male,27,1.52,64.8
733,Kevon Baglin,Female,60,1.75,90.8
734,Weidar Henke,Male,47,1.92,86.2
735,Jared Greenhaugh,Male,63,1.49,42.3
736,Minor Cowans,Female,32,1.52,76.7
737,Eli Singleton,Male,60,1.63,41.8
738,Janot Lissenden,Male,21,1.99,82.5
739,Kalle Feuell,Female,65,1.57,83.3
740,Hester Cunnell,Female,26,1.81,93.8
741,Aime Bodesson,Female,59,1.52,89.2
742,Aubrette Whyteman,Male,37,1.83,93.6
743,Michele Albrecht,Male,65,1.67,102.1
744,Justin Joubert,Male,54,1.55,40.6
745,Rutledge Sansom,Female,20,1.96,97.7
746,Bruno Milillo,Female,22,1.83,87.3
747,Gordan Belding,Female,24,1.89,85.5
748,Juliette Crowcroft,Male,53,1.83,68.7
749,Cedric Ibbitson,Male,29,1.95,67.8
750,Reilly Skipworth,Male,49,2.0,96.8
751,Malachi Blandamore,Female,55,1.93,94.6
752,Sibelle Courtese,Female,47,1.74,70.2
753,Keeley Robez,Male,66,1.83,72.0
754,Lothario Parley,Male,52,1.53,58.9
755,Brigida Murford,Male,33,2.0,117.5
756,Evanne Sartain,Male,18,1.5,44.3
757,Eward Springthorp,Female,46,1.76,73.3
758,Melva De Cleen,Female,70,1.63,59.7
759,Michaelina Trenbey,Male,21,1.94,92.0
760,Tabbie Alger,Male,22,1.66,118.8
761,Annemarie Wharram,Female,37,1.83,60.1
762,Tabbie Ruthven,Female,35,1.89,71.4
763,Blaire Rathke,Female,64,1.68,109.6
764,Adriena Birtles,Female,31,1.57,75.2
765,Cynthea Fouldes,Male,66,1.86,110.4
766,Gardener Reisenberg,Male,55,1.63,105.2
767,Hazlett Yedy,Female,30,1.45,71.3
768,Alastair Fooks,Female,41,1.55,66.7
769,Der Vinten,Male,49,1.55,72.9
770,Jewelle Vanezis,Male,44,1.7,47.2
771,Raynard Dorman,Male,62,1.62,112.8
772,Reece Twohig,Female,41,1.53,86.5
773,Cindie Cutmare,Female,65,1.85,80.6
774,Bernadette Shatliffe,Female,54,1.59,110.2
775,Grady Shitliffe,Female,48,1.6,76.8
776,Nariko Manhood,Male,59,1.9,72.0
777,Othello Cutmare,Male,37,1.95,102.4
778,Caralie Jackson,Male,52,2.01,99.6
779,Hollis Huckster,Male,59,1.84,99.3
780,Cozmo Janko,Female,18,1.66,86.1
781,Claudetta Cashell,Male,66,2.03,66.3
782,Charo Coxall,Male,35,1.86,45.7
783,Dorine Alcock,Female,18,1.67,60.2
784,Anabal Long,Female,27,1.92,91.4
785,Carson Stoggell,Male,37,1.56,85.7
786,Franciskus Drohane,Female,41,1.98,82.4
787,Zack Kenewell,Female,57,1.43,42.1
788,Mallory Tew,Male,54,1.52,65.9
789,Wilfrid Ruxton,Female,60,1.68,73.8
790,Sully Pretious,Female,59,1.46,58.1
791,Marion Rosensaft,Male,59,1.92,43.2
792,Norene Tuison,Female,52,1.61,79.9
793,Audi Bathoe,Male,22,1.81,68.9
794,Bird Cowdry,Male,67,1.76,72.2
795,Duff Jeffries,Male,44,1.77,116.8
796,Paolina Brookwood,Male,25,1.46,109.3
797,Adelind Peakman,Female,65,1.81,89.4
798,Nicko Corlett,Male,52,1.74,102.6
799,Missy Mollison,Male,55,1.77,59.1
800,Brynn Corr,Female,67,1.43,60.1
801,Ava Knightsbridge,Male,42,1.7,107.0
802,Gwen Sawter,Female,51,1.91,87.7
803,Lorette Creighton,Male,37,1.75,95.5
804,Regen Petican,Female,37,1.8,81.0
805,Timoteo Tolworth,Female,70,1.96,86.2
806,Ruperta Howett,Male,29,1.82,107.2
807,Katya Veazey,Male,50,1.77,115.7
808,Lorianna Skoggings,Female,55,1.61,113.7
809,Alvie Axtens,Female,31,1.78,109.4
810,Tome Ilyinski,Female,18,1.61,95.8
811,Cecilia Pilkinton,Male,66,1.74,83.8
812,Ayn Yabsley,Male,50,1.89,80.6
813,Emlyn Medwell,Male,43,1.5,68.4
814,Annmaria Muino,Male,50,1.58,90.0
815,Noe Penreth,Female,33,1.47,94.4
816,Cleopatra Aysh,Male,42,1.9,76.3
817,Walt Andryushin,Male,20,2.0,84.4
818,Rivalee Edwardes,Male,55,1.85,41.6
819,Oran Halesworth,Male,63,1.78,96.4
820,Rodney Tooker,Male,66,1.95,55.9
821,Orsa Kares,Male,38,1.47,67.9
822,Kristofer Shillington,Male,20,1.78,98.6
823,Kania Dyte,Female,22,2.01,57.5
824,Dasya Livesey,Female,53,1.95,113.0
825,Charyl Farrin,Female,40,1.65,109.3
826,Drud Sarath,Male,23,1.87,104.5
827,Clement Pritty,Male,31,1.68,91.6
828,Glynis MacDonough,Male,42,1.49,53.1
829,Adrian Kybert,Male,38,2.04,86.7
830,Jessi Hamblett,Male,70,1.49,52.0
831,Manda Luciani,Male,68,1.67,111.8
832,Marget Newby,Female,32,1.76,82.5
833,Lesli Bottoms,Male,68,1.61,114.6
834,Carroll Beckles,Male,70,1.52,78.6
835,Ashlin Gerrell,Female,45,1.75,59.3
836,Ekaterina Wehden,Female,19,1.79,48.7
837,Kelila Munnis,Male,34,1.48,101.6
838,Cally Gye,Female,42,1.79,99.4
839,Ashely Phettis,Female,52,1.67,82.1
840,Conrado Crockatt,Female,63,1.88,117.9
841,Marya Lamdin,Female,39,1.78,91.1
842,Glynda Garron,Female,30,1.8,70.0
843,Bryanty Vanstone,Male,48,1.43,111.3
844,Peri Figgess,Female,68,1.46,95.5
845,Sidonia Babst,Male,40,1.71,89.1
846,Jo-anne Sketch,Male,33,1.49,116.3
847,Irvin Ankrett,Male,40,1.47,42.4
848,Adaline Bonanno,Male,29,1.65,118.6
849,Neile Lys,Male,54,1.87,85.0
850,Herc Sheldrick,Female,64,1.53,103.8
851,Leandra Balleine,Male,34,1.91,83.8
852,Jesselyn Portis,Female,50,1.54,56.3
853,Marilyn Golagley,Male,61,1.62,58.7
854,Lancelot Bracci,Male,29,1.77,100.7
855,Calvin Brodbin,Male,31,1.54,117.7
856,Carlie Springell,Male,37,1.41,50.8
857,Johnette Driuzzi,Male,22,1.63,101.1
858,Christiano Moncrefe,Female,53,2.03,68.6
859,Almeria Marousek,Female,26,1.62,81.2
860,Nathalie Rolance,Male,29,2.01,111.8
861,Carlina Oliver-Paull,Male,54,1.87,50.0
862,Micheline Dusey,Male,48,1.8,85.7
863,Pavia Brierton,Male,26,1.75,68.4
864,Cammi Wolford,Female,20,1.89,83.1
865,Peter Birtley,Male,25,1.99,104.4
866,Sherry Kimmings,Male,48,2.03,107.0
867,Carce Membry,Female,70,1.84,117.3
868,Calla Corrett,Male,37,1.49,60.9
869,Weidar Tales,Female,26,1.57,98.4
870,Burgess Ternouth,Male,47,2.05,73.9
871,Louella Rochell,Female,38,1.99,47.4
872,Bettye Fell,Male,50,1.94,41.5
873,Bellina Racher,Male,42,1.78,108.9
874,Annmarie McLarty,Male,47,1.68,41.5
875,Ward Mithun,Female,55,1.65,114.2
876,Christophe Yole,Male,38,1.69,57.8
877,Elise Jancey,Female,21,1.8,93.9
878,Theodore Millthorpe,Female,69,2.0,94.3
879,Fulvia Coskerry,Female,19,1.74,72.5
880,Alastair Fipp,Male,29,1.78,77.5
881,Silvio Dawidman,Male,34,1.42,53.7
882,Stanford Celez,Male,24,1.85,101.7
883,Abey Magnus,Male,37,1.94,116.8
884,Lazarus Dearlove,Male,35,1.94,68.9
885,Blondelle Mosey,Male,46,2.04,84.5
886,Sean Gasticke,Male,25,1.69,70.3
887,Filmer Bockh,Male,43,2.04,90.7
888,Bart Shakelade,Male,23,1.69,106.9
889,Ameline Gunny,Female,53,1.98,79.1
890,Hailee Sidnall,Female,52,1.86,62.3
891,Merv Meco,Male,56,1.49,49.0
892,Dniren Bernette,Female,29,1.57,62.2
893,Barney Prangle,Female,28,1.77,85.7
894,Spike Raper,Female,65,2.03,89.2
895,Nikolos Perkinson,Female,62,1.59,89.6
896,Felix Beautyman,Female,32,2.03,75.6
897,Pattie Hail,Male,30,1.81,111.3
898,Durand Deeson,Male,69,1.62,62.4
899,Kelsy Ambrosch,Male,57,1.56,86.4
900,Garland O'Rourke,Male,29,1.48,109.7
901,Aleta Redan,Male,55,1.93,44.1
902,Wallache Kennelly,Male,42,1.65,102.2
903,Christel Knappe,Female,66,1.95,119.8
904,Basil Manion,Female,64,1.6,47.4
905,Mikel Este,Female,41,1.57,110.8
906,Pegeen Comins,Male,26,1.72,108.0
907,Silva Lathee,Male,25,1.96,66.7
908,Aeriel Flett,Female,48,1.7,45.9
909,Ami Hamsley,Male,26,1.89,43.7
910,Cristal Heaseman,Male,23,1.88,93.0
911,Lucie Yvon,Female,20,1.89,74.6
912,Auria Sharpling,Male,64,1.61,43.4
913,Evvy Nunnerley,Male,48,2.05,107.0
914,Rosalyn Bernadzki,Female,21,1.8,52.3
915,Davidson Paskin,Female,41,1.68,70.2
916,Ebonee Ord,Male,64,1.73,107.6
917,Kurtis Rouge,Female,64,2.0,116.2
918,Stacie Deeming,Male,69,1.61,114.1
919,Agosto Folliss,Female,56,1.83,77.7
920,Josselyn Skae,Male,53,2.03,109.6
921,Lesley Froud,Male,41,1.57,64.9
922,Lutero Rodnight,Female,38,1.52,48.6
923,Addie Goundsy,Female,21,1.73,90.9
924,Sol Flaune,Female,33,1.9,112.0
925,Otes Huton,Male,35,1.84,68.2
926,Trumann McAllester,Male,50,1.51,58.4
927,Donni Freebury,Female,60,1.81,118.8
928,Candis Brendish,Female,44,1.87,110.8
929,Gav Rakes,Male,64,1.67,92.2
930,Novelia Warman,Male,22,2.05,44.3
931,Wilt Lapere,Male,62,1.57,74.9
932,Monroe Whaley,Male,55,1.89,95.9
933,Andrey Tearny,Male,70,1.9,103.5
934,Winona Huchot,Female,37,1.82,119.1
935,Gayle McPhillips,Male,45,1.49,90.8
936,Allin Labrone,Male,47,1.78,81.0
937,Sandor Alven,Female,18,1.56,109.2
938,Suzann Coppins,Female,60,1.61,117.2
939,Terry Hallihan,Male,65,1.53,55.1
940,Ibby Rosle,Male,54,1.57,102.5
941,Marieann Sambals,Male,63,1.8,74.6
942,Donn Lampkin,Female,31,1.69,71.6
943,Caddric Lauritzen,Female,62,2.01,104.2
944,Ely O' Shea,Male,45,1.7,65.0
945,Desiree Sidsaff,Male,38,1.71,115.6
946,Costa Baldick,Female,38,1.52,105.0
947,Jenn Stollard,Male,34,1.76,82.9
948,Bennett Orpwood,Male,51,1.97,102.2
949,Ivonne Strauss,Female,61,1.65,102.6
950,Sonya Shord,Female,28,1.76,107.0
951,Chadd Delacourt,Male,34,1.83,52.8
952,Oberon Cradoc,Female,25,1.84,77.1
953,Melodee Welling,Male,19,2.04,44.9
954,Lorin Maryman,Female,52,1.51,110.6
955,Ty Mattersley,Female,18,1.64,43.3
956,Farlee Abell,Female,69,1.54,104.6
957,Onofredo Renney,Female,32,1.9,69.4
958,Kellen Antao,Female,66,1.66,119.8
959,Bentley Rysom,Male,62,1.69,105.9
960,Gauthier Alcock,Female,46,1.75,77.4
961,Emmeline Van Dijk,Female,59,1.97,95.1
962,Etti Nicholson,Male,21,1.7,85.0
963,Julian Beminster,Male,59,2.02,50.4
964,El Caulwell,Male,45,1.41,108.4
965,Susann Lochrie,Male,50,1.58,62.8
966,Tymothy Downe,Female,66,1.76,51.7
967,Joaquin Pittson,Female,56,1.77,110.0
968,Damaris Borborough,Female,24,1.68,49.5
969,Parrnell Vasyukhnov,Female,21,1.71,76.5
970,Rivkah Fost,Female,40,1.53,67.2
971,Elysee Ricker,Male,54,1.71,81.1
972,Viviyan Marco,Male,27,1.94,57.5
973,Loni Yankeev,Female,35,1.73,109.8
974,Kristo Durnell,Male,49,1.72,81.5
975,Mozes Wainscot,Female,25,1.96,57.4
976,Perla Gaddie,Female,18,1.58,95.5
977,Cullie Schoenfisch,Female,51,1.84,116.0
978,Gaby Foulger,Male,48,1.7,85.8
979,Rustin Aronoff,Male,18,1.72,50.3
980,Laryssa Drinnan,Female,68,1.47,106.3
981,Rogers Zold,Male,58,1.82,56.8
982,Felizio Coyett,Female,29,1.82,102.2
983,Vaughan Burton,Female,57,1.67,105.9
984,Marsha Chmarny,Male,67,1.42,81.2
985,Annemarie Satterthwaite,Female,56,1.85,43.9
986,Ami Gerardi,Female,38,1.91,88.3
987,Alfons Borles,Male,47,1.68,119.3
988,Greg Seamans,Male,48,1.52,50.4
989,Amandy Stubbs,Female,55,1.51,113.8
990,Gun Keavy,Male,43,2.04,115.8
991,Vasili Krimmer,Female,69,1.9,108.6
992,Ashli Diloway,Female,50,1.91,113.4
993,Amie Powlett,Male,21,1.7,112.6
994,Virginie De la croix,Female,37,1.94,102.3
995,Wanids Groucutt,Male,22,1.66,71.4
996,Reynold Caren,Female,51,1.6,107.4
997,Tucker Forryan,Male,43,1.95,79.9
998,Jacques Glauber,Male,70,1.67,109.1
999,Ellswerth Demke,Female,60,1.68,113.4
1000,Erhart Mattioli,Female,29,1.77,52.0
